Year,No of Employee
1023,4050
1024,4051
1025,4052
1026,4053
1027,4054
1028,4055
1029,4056
1030,4057
1031,4058
1032,4059
1033,4060
1034,4061
1035,4062
1036,4063
1037,4064
1038,4065
1039,4066
1040,4067
1041,4068
1042,4069
1043,4070
1044,4071
1045,4072
1046,4073
1047,4074
1048,4075
1049,4076
1050,4077
1051,4078
1052,4079
1053,4080
1054,4081
1055,4082
1056,4083
1057,4084
1058,4085
1059,4086
1060,4087
1061,4088
1062,4089
1063,4090
1064,4091
1065,4092
1066,4093
1067,4094
1068,4095
1069,4096
1070,4097
1071,4098
1072,4099
1073,4100
1074,4101
1075,4102
1076,4103
1077,4104
1078,4105
1079,4106
1080,4107
1081,4108
1082,4109
1083,4110
1084,4111
1085,4112
1086,4113
1087,4114
1088,4115
1089,4116
1090,4117
1091,4118
1092,4119
1093,4120
1094,4121
1095,4122
1096,4123
1097,4124
1098,4125
1099,4126
1100,4127
1101,4128
1102,4129
1103,4130
1104,4131
1105,4132
1106,4133
1107,4134
1108,4135
1109,4136
1110,4137
1111,4138
1112,4139
1113,4140
1114,4141
1115,4142
1116,4143
1117,4144
1118,4145
1119,4146
1120,4147
1121,4148
1122,4149
1123,4150
1124,4151
1125,4152
1126,4153
1127,4154
1128,4155
1129,4156
1130,4157
1131,4158
1132,4159
1133,4160
1134,4161
1135,4162
1136,4163
1137,4164
1138,4165
1139,4166
1140,4167
1141,4168
1142,4169
1143,4170
1144,4171
1145,4172
1146,4173
1147,4174
1148,4175
1149,4176
1150,4177
1151,4178
1152,4179
1153,4180
1154,4181
1155,4182
1156,4183
1157,4184
1158,4185
1159,4186
1160,4187
1161,4188
1162,4189
1163,4190
1164,4191
1165,4192
1166,4193
1167,4194
1168,4195
1169,4196
1170,4197
1171,4198
1172,4199
1173,4200
1174,4201
1175,4202
1176,4203
1177,4204
1178,4205
1179,4206
1180,4207
1181,4208
1182,4209
1183,4210
1184,4211
1185,4212
1186,4213
1187,4214
1188,4215
1189,4216
1190,4217
1191,4218
1192,4219
1193,4220
1194,4221
1195,4222
1196,4223
1197,4224
1198,4225
1199,4226
1200,4227
1201,4228
1202,4229
1203,4230
1204,4231
1205,4232
1206,4233
1207,4234
1208,4235
1209,4236
1210,4237
1211,4238
1212,4239
1213,4240
1214,4241
1215,4242
1216,4243
1217,4244
1218,4245
1219,4246
1220,4247
1221,4248
1222,4249
1223,4250
1224,4251
1225,4252
1226,4253
1227,4254
1228,4255
1229,4256
1230,4257
1231,4258
1232,4259
1233,4260
1234,4261
1235,4262
1236,4263
1237,4264
1238,4265
1239,4266
1240,4267
1241,4268
1242,4269
1243,4270
1244,4271
1245,4272
1246,4273
1247,4274
1248,4275
1249,4276
1250,4277
1251,4278
1252,4279
1253,4280
1254,4281
1255,4282
1256,4283
1257,4284
1258,4285
1259,4286
1260,4287
1261,4288
1262,4289
1263,4290
1264,4291
1265,4292
1266,4293
1267,4294
1268,4295
1269,4296
1270,4297
1271,4298
1272,4299
1273,4300
1274,4301
1275,4302
1276,4303
1277,4304
1278,4305
1279,4306
1280,4307
1281,4308
1282,4309
1283,4310
1284,4311
1285,4312
1286,4313
1287,4314
1288,4315
1289,4316
1290,4317
1291,4318
1292,4319
1293,4320
1294,4321
1295,4322
1296,4323
1297,4324
1298,4325
1299,4326
1300,4327
1301,4328
1302,4329
1303,4330
1304,4331
1305,4332
1306,4333
1307,4334
1308,4335
1309,4336
1310,4337
1311,4338
1312,4339
1313,4340
1314,4341
1315,4342
1316,4343
1317,4344
1318,4345
1319,4346
1320,4347
1321,4348
1322,4349
1323,4350
1324,4351
1325,4352
1326,4353
1327,4354
1328,4355
1329,4356
1330,4357
1331,4358
1332,4359
1333,4360
1334,4361
1335,4362
1336,4363
1337,4364
1338,4365
1339,4366
1340,4367
1341,4368
1342,4369
1343,4370
1344,4371
1345,4372
1346,4373
1347,4374
1348,4375
1349,4376
1350,4377
1351,4378
1352,4379
1353,4380
1354,4381
1355,4382
1356,4383
1357,4384
1358,4385
1359,4386
1360,4387
1361,4388
1362,4389
1363,4390
1364,4391
1365,4392
1366,4393
1367,4394
1368,4395
1369,4396
1370,4397
1371,4398
1372,4399
1373,4400
1374,4401
1375,4402
1376,4403
1377,4404
1378,4405
1379,4406
1380,4407
1381,4408
1382,4409
1383,4410
1384,4411
1385,4412
1386,4413
1387,4414
1388,4415
1389,4416
1390,4417
1391,4418
1392,4419
1393,4420
1394,4421
1395,4422
1396,4423
1397,4424
1398,4425
1399,4426
1400,4427
1401,4428
1402,4429
1403,4430
1404,4431
1405,4432
1406,4433
1407,4434
1408,4435
1409,4436
1410,4437
1411,4438
1412,4439
1413,4440
1414,4441
1415,4442
1416,4443
1417,4444
1418,4445
1419,4446
1420,4447
1421,4448
1422,4449
1423,4450
1424,4451
1425,4452
1426,4453
1427,4454
1428,4455
1429,4456
1430,4457
1431,4458
1432,4459
1433,4460
1434,4461
1435,4462
1436,4463
1437,4464
1438,4465
1439,4466
1440,4467
1441,4468
1442,4469
1443,4470
1444,4471
1445,4472
1446,4473
1447,4474
1448,4475
1449,4476
1450,4477
1451,4478
1452,4479
1453,4480
1454,4481
1455,4482
1456,4483
1457,4484
1458,4485
1459,4486
1460,4487
1461,4488
1462,4489
1463,4490
1464,4491
1465,4492
1466,4493
1467,4494
1468,4495
1469,4496
1470,4497
1471,4498
1472,4499
1473,4500
1474,4501
1475,4502
1476,4503
1477,4504
1478,4505
1479,4506
1480,4507
1481,4508
1482,4509
1483,4510
1484,4511
1485,4512
1486,4513
1487,4514
1488,4515
1489,4516
1490,4517
1491,4518
1492,4519
1493,4520
1494,4521
1495,4522
1496,4523
1497,4524
1498,4525
1499,4526
1500,4527
1501,4528
1502,4529
1503,4530
1504,4531
1505,4532
1506,4533
1507,4534
1508,4535
1509,4536
1510,4537
1511,4538
1512,4539
1513,4540
1514,4541
1515,4542
1516,4543
1517,4544
1518,4545
1519,4546
1520,4547
1521,4548
1522,4549
1523,4550
1524,4551
1525,4552
1526,4553
1527,4554
1528,4555
1529,4556
1530,4557
1531,4558
1532,4559
1533,4560
1534,4561
1535,4562
1536,4563
1537,4564
1538,4565
1539,4566
1540,4567
1541,4568
1542,4569
1543,4570
1544,4571
1545,4572
1546,4573
1547,4574
1548,4575
1549,4576
1550,4577
1551,4578
1552,4579
1553,4580
1554,4581
1555,4582
1556,4583
1557,4584
1558,4585
1559,4586
1560,4587
1561,4588
1562,4589
1563,4590
1564,4591
1565,4592
1566,4593
1567,4594
1568,4595
1569,4596
1570,4597
1571,4598
1572,4599
1573,4600
1574,4601
1575,4602
1576,4603
1577,4604
1578,4605
1579,4606
1580,4607
1581,4608
1582,4609
1583,4610
1584,4611
1585,4612
1586,4613
1587,4614
1588,4615
1589,4616
1590,4617
1591,4618
1592,4619
1593,4620
1594,4621
1595,4622
1596,4623
1597,4624
1598,4625
1599,4626
1600,4627
1601,4628
1602,4629
1603,4630
1604,4631
1605,4632
1606,4633
1607,4634
1608,4635
1609,4636
1610,4637
1611,4638
1612,4639
1613,4640
1614,4641
1615,4642
1616,4643
1617,4644
1618,4645
1619,4646
1620,4647
1621,4648
1622,4649
1623,4650
1624,4651
1625,4652
1626,4653
1627,4654
1628,4655
1629,4656
1630,4657
1631,4658
1632,4659
1633,4660
1634,4661
1635,4662
1636,4663
1637,4664
1638,4665
1639,4666
1640,4667
1641,4668
1642,4669
1643,4670
1644,4671
1645,4672
1646,4673
1647,4674
1648,4675
1649,4676
1650,4677
1651,4678
1652,4679
1653,4680
1654,4681
1655,4682
1656,4683
1657,4684
1658,4685
1659,4686
1660,4687
1661,4688
1662,4689
1663,4690
1664,4691
1665,4692
1666,4693
1667,4694
1668,4695
1669,4696
1670,4697
1671,4698
1672,4699
1673,4700
1674,4701
1675,4702
1676,4703
1677,4704
1678,4705
1679,4706
1680,4707
1681,4708
1682,4709
1683,4710
1684,4711
1685,4712
1686,4713
1687,4714
1688,4715
1689,4716
1690,4717
1691,4718
1692,4719
1693,4720
1694,4721
1695,4722
1696,4723
1697,4724
1698,4725
1699,4726
1700,4727
1701,4728
1702,4729
1703,4730
1704,4731
1705,4732
1706,4733
1707,4734
1708,4735
1709,4736
1710,4737
1711,4738
1712,4739
1713,4740
1714,4741
1715,4742
1716,4743
1717,4744
1718,4745
1719,4746
1720,4747
1721,4748
1722,4749
1723,4750
1724,4751
1725,4752
1726,4753
1727,4754
1728,4755
1729,4756
1730,4757
1731,4758
1732,4759
1733,4760
1734,4761
1735,4762
1736,4763
1737,4764
1738,4765
1739,4766
1740,4767
1741,4768
1742,4769
1743,4770
1744,4771
1745,4772
1746,4773
1747,4774
1748,4775
1749,4776
1750,4777
1751,4778
1752,4779
1753,4780
1754,4781
1755,4782
1756,4783
1757,4784
1758,4785
1759,4786
1760,4787
1761,4788
1762,4789
1763,4790
1764,4791
1765,4792
1766,4793
1767,4794
1768,4795
1769,4796
1770,4797
1771,4798
1772,4799
1773,4800
1774,4801
1775,4802
1776,4803
1777,4804
1778,4805
1779,4806
1780,4807
1781,4808
1782,4809
1783,4810
1784,4811
1785,4812
1786,4813
1787,4814
1788,4815
1789,4816
1790,4817
1791,4818
1792,4819
1793,4820
1794,4821
1795,4822
1796,4823
1797,4824
1798,4825
1799,4826
1800,4827
1801,4828
1802,4829
1803,4830
1804,4831
1805,4832
1806,4833
1807,4834
1808,4835
1809,4836
1810,4837
1811,4838
1812,4839
1813,4840
1814,4841
1815,4842
1816,4843
1817,4844
1818,4845
1819,4846
1820,4847
1821,4848
1822,4849
1823,4850
1824,4851
1825,4852
1826,4853
1827,4854
1828,4855
1829,4856
1830,4857
1831,4858
1832,4859
1833,4860
1834,4861
1835,4862
1836,4863
1837,4864
1838,4865
1839,4866
1840,4867
1841,4868
1842,4869
1843,4870
1844,4871
1845,4872
1846,4873
1847,4874
1848,4875
1849,4876
1850,4877
1851,4878
1852,4879
1853,4880
1854,4881
1855,4882
1856,4883
1857,4884
1858,4885
1859,4886
1860,4887
1861,4888
1862,4889
1863,4890
1864,4891
1865,4892
1866,4893
1867,4894
1868,4895
1869,4896
1870,4897
1871,4898
1872,4899
1873,4900
1874,4901
1875,4902
1876,4903
1877,4904
1878,4905
1879,4906
1880,4907
1881,4908
1882,4909
1883,4910
1884,4911
1885,4912
1886,4913
1887,4914
1888,4915
1889,4916
1890,4917
1891,4918
1892,4919
1893,4920
1894,4921
1895,4922
1896,4923
1897,4924
1898,4925
1899,4926
1900,4927
1901,4928
1902,4929
1903,4930
1904,4931
1905,4932
1906,4933
1907,4934
1908,4935
1909,4936
1910,4937
1911,4938
1912,4939
1913,4940
1914,4941
1915,4942
1916,4943
1917,4944
1918,4945
1919,4946
1920,4947
1921,4948
1922,4949
1923,4950
1924,4951
1925,4952
1926,4953
1927,4954
1928,4955
1929,4956
1930,4957
1931,4958
1932,4959
1933,4960
1934,4961
1935,4962
1936,4963
1937,4964
1938,4965
1939,4966
1940,4967
1941,4968
1942,4969
1943,4970
1944,4971
1945,4972
1946,4973
1947,4974
1948,4975
1949,4976
1950,4977
1951,4978
1952,4979
1953,4980
1954,4981
1955,4982
1956,4983
1957,4984
1958,4985
1959,4986
1960,4987
1961,4988
1962,4989
1963,4990
1964,4991
1965,4992
1966,4993
1967,4994
1968,4995
1969,4996
1970,4997
1971,4998
1972,4999
1973,5000
1974,5001
1975,5002
1976,5003
1977,5004
1978,5005
1979,5006
1980,5007
1981,5008
1982,5009
1983,5010
1984,5011
1985,5012
1986,5013
1987,5014
1988,5015
1989,5016
1990,5017
1991,5018
1992,5019
1993,5020
1994,5021
1995,5022
1996,5023
1997,5024
1998,5025
1999,5026
2000,5027
2001,5028
2002,5029
2003,5030
2004,5031
2005,5032
2006,5033
2007,5034
2008,5035
2009,5036
2010,5037
2011,5038
2012,5039
2013,5040
2014,5041
2015,5042
2016,5043
2017,5044
2018,5045
2019,5046
2020,5047
2021,5048
2022,5049
